Date;Class;ExpirationDate;InterestRate;MinToExpiration;YearsToExpiration;SymbolId;Strike;DeltaStrike;PutCall;Premium;Volume;Forward;AtmStrike
18.3.2020;SPX;17.4.2020;0.001211910523422495;43200;0.082191780821917808;027gR5;4.000.000;1.000.000;P;0.0500;35000;24.010.006;24.000.000
18.3.2020;SPX;17.4.2020;0.001211910523422495;43200;0.082191780821917808;027gQe;5.000.000;1.000.000;P;0.3500;40624;24.010.006;24.000.000
18.3.2020;SPX;17.4.2020;0.001211910523422495;43200;0.082191780821917808;027gQj;6.000.000;1.000.000;P;0.0500;44530;24.010.006;24.000.000
18.3.2020;SPX;17.4.2020;0.001211910523422495;43200;0.082191780821917808;02791b;7.000.000;1.000.000;P;0.0500;48619;24.010.006;24.000.000
18.3.2020;SPX;17.4.2020;0.001211910523422495;43200;0.082191780821917808;02791d;8.000.000;1.000.000;P;0.0500;45596;24.010.006;24.000.000
18.3.2020;SPX;17.4.2020;0.001211910523422495;43200;0.082191780821917808;02791N;9.000.000;1.000.000;P;0.0500;37531;24.010.006;24.000.000
18.3.2020;SPX;17.4.2020;0.001211910523422495;43200;0.082191780821917808;025WAv;10.000.000;1.000.000;P;0.0500;31059;24.010.006;24.000.000
18.3.2020;SPX;17.4.2020;0.001211910523422495;43200;0.082191780821917808;025WAt;11.000.000;1.000.000;P;0.4000;25655;24.010.006;24.000.000
18.3.2020;SPX;17.4.2020;0.001211910523422495;43200;0.082191780821917808;01zwCs;12.000.000;1.000.000;P;0.0500;21551;24.010.006;24.000.000
18.3.2020;SPX;17.4.2020;0.001211910523422495;43200;0.082191780821917808;01zwCp;13.000.000;875.000;P;0.2500;17735;24.010.006;24.000.000
18.3.2020;SPX;17.4.2020;0.001211910523422495;43200;0.082191780821917808;0272k9;13.750.000;500.000;P;40.000;8207;24.010.006;24.000.000
18.3.2020;SPX;17.4.2020;0.001211910523422495;43200;0.082191780821917808;01zwCk;14.000.000;250.000;P;55.000;3949;24.010.006;24.000.000
18.3.2020;SPX;17.4.2020;0.001211910523422495;43200;0.082191780821917808;0272k8;14.250.000;250.000;P;46.000;2828;24.010.006;24.000.000
18.3.2020;SPX;17.4.2020;0.001211910523422495;43200;0.082191780821917808;0272k6;14.500.000;250.000;P;46.000;2791;24.010.006;24.000.000
18.3.2020;SPX;17.4.2020;0.001211910523422495;43200;0.082191780821917808;0272jp;14.750.000;250.000;P;77.000;2756;24.010.006;24.000.000
18.3.2020;SPX;17.4.2020;0.001211910523422495;43200;0.082191780821917808;01zwCU;15.000.000;250.000;P;65.000;2927;24.010.006;24.000.000
18.3.2020;SPX;17.4.2020;0.001211910523422495;43200;0.082191780821917808;01zwCT;15.250.000;250.000;P;38.000;2845;24.010.006;24.000.000
18.3.2020;SPX;17.4.2020;0.001211910523422495;43200;0.082191780821917808;01zwCR;15.500.000;250.000;P;70.000;2766;24.010.006;24.000.000
18.3.2020;SPX;17.4.2020;0.001211910523422495;43200;0.082191780821917808;01zwCP;15.750.000;250.000;P;66.000;2690;24.010.006;24.000.000
18.3.2020;SPX;17.4.2020;0.001211910523422495;43200;0.082191780821917808;01zwCN;16.000.000;250.000;P;75.000;4319;24.010.006;24.000.000
18.3.2020;SPX;17.4.2020;0.001211910523422495;43200;0.082191780821917808;01zwCL;16.250.000;250.000;P;80.000;4128;24.010.006;24.000.000
18.3.2020;SPX;17.4.2020;0.001211910523422495;43200;0.082191780821917808;01zwCJ;16.500.000;250.000;P;107.000;2429;24.010.006;24.000.000
18.3.2020;SPX;17.4.2020;0.001211910523422495;43200;0.082191780821917808;01zwCH;16.750.000;250.000;P;125.000;2405;24.010.006;24.000.000
18.3.2020;SPX;17.4.2020;0.001211910523422495;43200;0.082191780821917808;01zwCF;17.000.000;250.000;P;149.000;3902;24.010.006;24.000.000
18.3.2020;SPX;17.4.2020;0.001211910523422495;43200;0.082191780821917808;01zwCD;17.250.000;250.000;P;167.000;3735;24.010.006;24.000.000
18.3.2020;SPX;17.4.2020;0.001211910523422495;43200;0.082191780821917808;01zwCB;17.500.000;250.000;P;187.000;2870;24.010.006;24.000.000
18.3.2020;SPX;17.4.2020;0.001211910523422495;43200;0.082191780821917808;01zwC9;17.750.000;250.000;P;230.000;2780;24.010.006;24.000.000
18.3.2020;SPX;17.4.2020;0.001211910523422495;43200;0.082191780821917808;01zwC7;18.000.000;250.000;P;210.000;2689;24.010.006;24.000.000
18.3.2020;SPX;17.4.2020;0.001211910523422495;43200;0.082191780821917808;01zwC5;18.250.000;250.000;P;330.000;1536;24.010.006;24.000.000
18.3.2020;SPX;17.4.2020;0.001211910523422495;43200;0.082191780821917808;01zwC3;18.500.000;250.000;P;366.000;1519;24.010.006;24.000.000
18.3.2020;SPX;17.4.2020;0.001211910523422495;43200;0.082191780821917808;01zwC1;18.750.000;250.000;P;330.000;2553;24.010.006;24.000.000
18.3.2020;SPX;17.4.2020;0.001211910523422495;43200;0.082191780821917808;01zwBz;19.000.000;175.000;P;345.000;2301;24.010.006;24.000.000
18.3.2020;SPX;17.4.2020;0.001211910523422495;43200;0.082191780821917808;027pPL;19.100.000;100.000;P;423.000;848;24.010.006;24.000.000
18.3.2020;SPX;17.4.2020;0.001211910523422495;43200;0.082191780821917808;027NpS;19.200.000;75.000;P;521.000;477;24.010.006;24.000.000
18.3.2020;SPX;17.4.2020;0.001211910523422495;43200;0.082191780821917808;01zwBx;19.250.000;50.000;P;567.000;420;24.010.006;24.000.000
18.3.2020;SPX;17.4.2020;0.001211910523422495;43200;0.082191780821917808;0272jo;19.300.000;75.000;P;463.000;774;24.010.006;24.000.000
18.3.2020;SPX;17.4.2020;0.001211910523422495;43200;0.082191780821917808;0272jq;19.400.000;100.000;P;510.000;823;24.010.006;24.000.000
18.3.2020;SPX;17.4.2020;0.001211910523422495;43200;0.082191780821917808;01zwBv;19.500.000;100.000;P;499.000;812;24.010.006;24.000.000
18.3.2020;SPX;17.4.2020;0.001211910523422495;43200;0.082191780821917808;0272jw;19.600.000;100.000;P;590.000;812;24.010.006;24.000.000
18.3.2020;SPX;17.4.2020;0.001211910523422495;43200;0.082191780821917808;0272js;19.700.000;75.000;P;522.000;755;24.010.006;24.000.000
18.3.2020;SPX;17.4.2020;0.001211910523422495;43200;0.082191780821917808;01zwBt;19.750.000;50.000;P;409.000;699;24.010.006;24.000.000
18.3.2020;SPX;17.4.2020;0.001211910523422495;43200;0.082191780821917808;0272kR;19.800.000;75.000;P;521.000;732;24.010.006;24.000.000
18.3.2020;SPX;17.4.2020;0.001211910523422495;43200;0.082191780821917808;0272kS;19.900.000;100.000;P;560.000;784;24.010.006;24.000.000
18.3.2020;SPX;17.4.2020;0.001211910523422495;43200;0.082191780821917808;01zwBr;20.000.000;100.000;P;630.000;773;24.010.006;24.000.000
18.3.2020;SPX;17.4.2020;0.001211910523422495;43200;0.082191780821917808;0272kM;20.100.000;100.000;P;584.000;767;24.010.006;24.000.000
18.3.2020;SPX;17.4.2020;0.001211910523422495;43200;0.082191780821917808;0272kU;20.200.000;75.000;P;704.000;433;24.010.006;24.000.000
18.3.2020;SPX;17.4.2020;0.001211910523422495;43200;0.082191780821917808;01zwBp;20.250.000;50.000;P;730.000;380;24.010.006;24.000.000
18.3.2020;SPX;17.4.2020;0.001211910523422495;43200;0.082191780821917808;0272jz;20.300.000;75.000;P;644.000;701;24.010.006;24.000.000
18.3.2020;SPX;17.4.2020;0.001211910523422495;43200;0.082191780821917808;0272fp;20.400.000;100.000;P;648.000;744;24.010.006;24.000.000
18.3.2020;SPX;17.4.2020;0.001211910523422495;43200;0.082191780821917808;01zwBn;20.500.000;100.000;P;730.000;737;24.010.006;24.000.000
18.3.2020;SPX;17.4.2020;0.001211910523422495;43200;0.082191780821917808;0272kW;20.600.000;100.000;P;692.000;730;24.010.006;24.000.000
18.3.2020;SPX;17.4.2020;0.001211910523422495;43200;0.082191780821917808;0272kH;20.700.000;75.000;P;829.000;411;24.010.006;24.000.000
18.3.2020;SPX;17.4.2020;0.001211910523422495;43200;0.082191780821917808;01zwBl;20.750.000;50.000;P;734.000;360;24.010.006;24.000.000
18.3.2020;SPX;17.4.2020;0.001211910523422495;43200;0.082191780821917808;0272kE;20.800.000;75.000;P;710.000;666;24.010.006;24.000.000
18.3.2020;SPX;17.4.2020;0.001211910523422495;43200;0.082191780821917808;026S6h;20.900.000;100.000;P;762.000;710;24.010.006;24.000.000
18.3.2020;SPX;17.4.2020;0.001211910523422495;43200;0.082191780821917808;01zw9n;21.000.000;100.000;P;750.000;701;24.010.006;24.000.000
18.3.2020;SPX;17.4.2020;0.001211910523422495;43200;0.082191780821917808;01zw9j;21.100.000;100.000;P;750.000;695;24.010.006;24.000.000
18.3.2020;SPX;17.4.2020;0.001211910523422495;43200;0.082191780821917808;01zw9e;21.200.000;75.000;P;950.000;393;24.010.006;24.000.000
18.3.2020;SPX;17.4.2020;0.001211910523422495;43200;0.082191780821917808;01zwBj;21.250.000;50.000;P;990.000;344;24.010.006;24.000.000
18.3.2020;SPX;17.4.2020;0.001211910523422495;43200;0.082191780821917808;01zw9a;21.300.000;75.000;P;810.000;637;24.010.006;24.000.000
18.3.2020;SPX;17.4.2020;0.001211910523422495;43200;0.082191780821917808;01zw9X;21.400.000;100.000;P;926.000;675;24.010.006;24.000.000
18.3.2020;SPX;17.4.2020;0.001211910523422495;43200;0.082191780821917808;01zw9U;21.500.000;100.000;P;981.000;668;24.010.006;24.000.000
18.3.2020;SPX;17.4.2020;0.001211910523422495;43200;0.082191780821917808;01zw9V;21.600.000;100.000;P;983.000;664;24.010.006;24.000.000
18.3.2020;SPX;17.4.2020;0.001211910523422495;43200;0.082191780821917808;01zwB5;21.700.000;75.000;P;1.074.000;373;24.010.006;24.000.000
18.3.2020;SPX;17.4.2020;0.001211910523422495;43200;0.082191780821917808;01zwBh;21.750.000;50.000;P;1.106.000;328;24.010.006;24.000.000
18.3.2020;SPX;17.4.2020;0.001211910523422495;43200;0.082191780821917808;01zwB1;21.800.000;50.000;P;1.105.000;325;24.010.006;24.000.000
18.3.2020;SPX;17.4.2020;0.001211910523422495;43200;0.082191780821917808;027pPJ;21.850.000;50.000;P;1.119.000;325;24.010.006;24.000.000
18.3.2020;SPX;17.4.2020;0.001211910523422495;43200;0.082191780821917808;01zwAw;21.900.000;50.000;P;1.100.000;322;24.010.006;24.000.000
18.3.2020;SPX;17.4.2020;0.001211910523422495;43200;0.082191780821917808;027NpU;21.950.000;50.000;P;1.150.000;323;24.010.006;24.000.000
18.3.2020;SPX;17.4.2020;0.001211910523422495;43200;0.082191780821917808;01zwAs;22.000.000;50.000;P;1.165.000;324;24.010.006;24.000.000
18.3.2020;SPX;17.4.2020;0.001211910523422495;43200;0.082191780821917808;0272kN;22.050.000;50.000;P;1.161.000;319;24.010.006;24.000.000
18.3.2020;SPX;17.4.2020;0.001211910523422495;43200;0.082191780821917808;01zwAo;22.100.000;50.000;P;1.177.000;316;24.010.006;24.000.000
18.3.2020;SPX;17.4.2020;0.001211910523422495;43200;0.082191780821917808;0272jy;22.150.000;50.000;P;1.193.000;316;24.010.006;24.000.000
18.3.2020;SPX;17.4.2020;0.001211910523422495;43200;0.082191780821917808;01zwAk;22.200.000;50.000;P;1.209.000;312;24.010.006;24.000.000
18.3.2020;SPX;17.4.2020;0.001211910523422495;43200;0.082191780821917808;01zwBf;22.250.000;50.000;P;1.225.000;316;24.010.006;24.000.000
18.3.2020;SPX;17.4.2020;0.001211910523422495;43200;0.082191780821917808;01zwAg;22.300.000;50.000;P;1.242.000;310;24.010.006;24.000.000
18.3.2020;SPX;17.4.2020;0.001211910523422495;43200;0.082191780821917808;0272kV;22.350.000;50.000;P;1.150.000;309;24.010.006;24.000.000
18.3.2020;SPX;17.4.2020;0.001211910523422495;43200;0.082191780821917808;01zwAc;22.400.000;50.000;P;1.275.000;307;24.010.006;24.000.000
18.3.2020;SPX;17.4.2020;0.001211910523422495;43200;0.082191780821917808;0272k2;22.450.000;50.000;P;1.310.000;307;24.010.006;24.000.000
18.3.2020;SPX;17.4.2020;0.001211910523422495;43200;0.082191780821917808;01zwAY;22.500.000;50.000;P;1.309.000;309;24.010.006;24.000.000
18.3.2020;SPX;17.4.2020;0.001211910523422495;43200;0.082191780821917808;0272fz;22.550.000;50.000;P;1.326.000;305;24.010.006;24.000.000
18.3.2020;SPX;17.4.2020;0.001211910523422495;43200;0.082191780821917808;01zwAR;22.600.000;50.000;P;1.272.000;302;24.010.006;24.000.000
18.3.2020;SPX;17.4.2020;0.001211910523422495;43200;0.082191780821917808;0272hf;22.650.000;50.000;P;1.252.000;302;24.010.006;24.000.000
18.3.2020;SPX;17.4.2020;0.001211910523422495;43200;0.082191780821917808;01zwAK;22.700.000;50.000;P;1.390.000;299;24.010.006;24.000.000
18.3.2020;SPX;17.4.2020;0.001211910523422495;43200;0.082191780821917808;01zwBd;22.750.000;50.000;P;1.396.000;303;24.010.006;24.000.000
18.3.2020;SPX;17.4.2020;0.001211910523422495;43200;0.082191780821917808;01zwAH;22.800.000;50.000;P;1.381.000;298;24.010.006;24.000.000
18.3.2020;SPX;17.4.2020;0.001211910523422495;43200;0.082191780821917808;0272kB;22.850.000;50.000;P;1.323.000;297;24.010.006;24.000.000
18.3.2020;SPX;17.4.2020;0.001211910523422495;43200;0.082191780821917808;01zwA6;22.900.000;50.000;P;1.445.000;295;24.010.006;24.000.000
18.3.2020;SPX;17.4.2020;0.001211910523422495;43200;0.082191780821917808;0272hI;22.950.000;50.000;P;1.464.000;295;24.010.006;24.000.000
18.3.2020;SPX;17.4.2020;0.001211910523422495;43200;0.082191780821917808;01zwA3;23.000.000;50.000;P;1.500.000;298;24.010.006;24.000.000
18.3.2020;SPX;17.4.2020;0.001211910523422495;43200;0.082191780821917808;0272hK;23.050.000;50.000;P;1.501.000;292;24.010.006;24.000.000
18.3.2020;SPX;17.4.2020;0.001211910523422495;43200;0.082191780821917808;01zwBT;23.100.000;50.000;P;1.520.000;291;24.010.006;24.000.000
18.3.2020;SPX;17.4.2020;0.001211910523422495;43200;0.082191780821917808;0272hZ;23.150.000;50.000;P;1.587.000;289;24.010.006;24.000.000
18.3.2020;SPX;17.4.2020;0.001211910523422495;43200;0.082191780821917808;01zwBI;23.200.000;50.000;P;1.606.000;286;24.010.006;24.000.000
18.3.2020;SPX;17.4.2020;0.001211910523422495;43200;0.082191780821917808;01zwBb;23.250.000;50.000;P;1.571.000;289;24.010.006;24.000.000
18.3.2020;SPX;17.4.2020;0.001211910523422495;43200;0.082191780821917808;01zwBK;23.300.000;50.000;P;1.646.000;283;24.010.006;24.000.000
18.3.2020;SPX;17.4.2020;0.001211910523422495;43200;0.082191780821917808;0272gi;23.350.000;50.000;P;1.665.000;283;24.010.006;24.000.000
18.3.2020;SPX;17.4.2020;0.001211910523422495;43200;0.082191780821917808;01zwBB;23.400.000;50.000;P;1.685.000;282;24.010.006;24.000.000
18.3.2020;SPX;17.4.2020;0.001211910523422495;43200;0.082191780821917808;0272jh;23.450.000;50.000;P;1.705.000;282;24.010.006;24.000.000
18.3.2020;SPX;17.4.2020;0.001211910523422495;43200;0.082191780821917808;01zwBG;23.500.000;50.000;P;1.726.000;280;24.010.006;24.000.000
18.3.2020;SPX;17.4.2020;0.001211910523422495;43200;0.082191780821917808;0272gh;23.550.000;50.000;P;1.600.000;280;24.010.006;24.000.000
18.3.2020;SPX;17.4.2020;0.001211910523422495;43200;0.082191780821917808;01zwD4;23.600.000;50.000;P;1.767.000;277;24.010.006;24.000.000
18.3.2020;SPX;17.4.2020;0.001211910523422495;43200;0.082191780821917808;0272hk;23.650.000;50.000;P;1.742.000;277;24.010.006;24.000.000
18.3.2020;SPX;17.4.2020;0.001211910523422495;43200;0.082191780821917808;01zw4H;23.700.000;50.000;P;1.833.000;206;24.010.006;24.000.000
18.3.2020;SPX;17.4.2020;0.001211910523422495;43200;0.082191780821917808;01zwBZ;23.750.000;50.000;P;1.856.000;206;24.010.006;24.000.000
18.3.2020;SPX;17.4.2020;0.001211910523422495;43200;0.082191780821917808;01zwD3;23.800.000;50.000;P;1.877.000;205;24.010.006;24.000.000
18.3.2020;SPX;17.4.2020;0.001211910523422495;43200;0.082191780821917808;026S76;23.850.000;50.000;P;1.788.000;203;24.010.006;24.000.000
18.3.2020;SPX;17.4.2020;0.001211910523422495;43200;0.082191780821917808;01zwD1;23.900.000;50.000;P;1.810.000;201;24.010.006;24.000.000
18.3.2020;SPX;17.4.2020;0.001211910523422495;43200;0.082191780821917808;01zw4D;23.950.000;50.000;P;1.833.000;201;24.010.006;24.000.000
18.3.2020;SPX;17.4.2020;0.001211910523422495;43200;0.082191780821917808;01zw4E;24.000.000;50.000;P;1.951.000;102;24.010.006;24.000.000
18.3.2020;SPX;17.4.2020;0.001211910523422495;43200;0.082191780821917808;01zw4F;24.000.000;50.000;C;1.951.000;168;24.010.006;24.000.000
18.3.2020;SPX;17.4.2020;0.001211910523422495;43200;0.082191780821917808;01zw4B;24.050.000;50.000;C;1.751.000;266;24.010.006;24.000.000
18.3.2020;SPX;17.4.2020;0.001211910523422495;43200;0.082191780821917808;01zw4A;24.100.000;50.000;C;1.724.000;264;24.010.006;24.000.000
18.3.2020;SPX;17.4.2020;0.001211910523422495;43200;0.082191780821917808;01zw49;24.150.000;50.000;C;1.697.000;263;24.010.006;24.000.000
18.3.2020;SPX;17.4.2020;0.001211910523422495;43200;0.082191780821917808;01zw47;24.200.000;50.000;C;1.600.000;261;24.010.006;24.000.000
18.3.2020;SPX;17.4.2020;0.001211910523422495;43200;0.082191780821917808;01zw45;24.250.000;50.000;C;1.550.000;264;24.010.006;24.000.000
18.3.2020;SPX;17.4.2020;0.001211910523422495;43200;0.082191780821917808;01zw42;24.300.000;50.000;C;1.641.000;260;24.010.006;24.000.000
18.3.2020;SPX;17.4.2020;0.001211910523422495;43200;0.082191780821917808;01zw3s;24.350.000;50.000;C;1.615.000;260;24.010.006;24.000.000
18.3.2020;SPX;17.4.2020;0.001211910523422495;43200;0.082191780821917808;01zw3z;24.400.000;50.000;C;1.588.000;257;24.010.006;24.000.000
18.3.2020;SPX;17.4.2020;0.001211910523422495;43200;0.082191780821917808;01zw3x;24.450.000;50.000;C;1.562.000;257;24.010.006;24.000.000
18.3.2020;SPX;17.4.2020;0.001211910523422495;43200;0.082191780821917808;01zw3v;24.500.000;50.000;C;1.535.000;259;24.010.006;24.000.000
18.3.2020;SPX;17.4.2020;0.001211910523422495;43200;0.082191780821917808;01zw3t;24.550.000;50.000;C;1.533.000;256;24.010.006;24.000.000
18.3.2020;SPX;17.4.2020;0.001211910523422495;43200;0.082191780821917808;01zw3q;24.600.000;50.000;C;1.507.000;253;24.010.006;24.000.000
18.3.2020;SPX;17.4.2020;0.001211910523422495;43200;0.082191780821917808;01zw3p;24.650.000;50.000;C;1.482.000;253;24.010.006;24.000.000
18.3.2020;SPX;17.4.2020;0.001211910523422495;43200;0.082191780821917808;01zw3n;24.700.000;50.000;C;1.457.000;252;24.010.006;24.000.000
18.3.2020;SPX;17.4.2020;0.001211910523422495;43200;0.082191780821917808;01zw3l;24.750.000;50.000;C;1.315.000;255;24.010.006;24.000.000
18.3.2020;SPX;17.4.2020;0.001211910523422495;43200;0.082191780821917808;01zw3j;24.800.000;50.000;C;1.290.000;249;24.010.006;24.000.000
18.3.2020;SPX;17.4.2020;0.001211910523422495;43200;0.082191780821917808;01zw3h;24.850.000;50.000;C;1.266.000;249;24.010.006;24.000.000
18.3.2020;SPX;17.4.2020;0.001211910523422495;43200;0.082191780821917808;01zw3d;24.900.000;50.000;C;1.241.000;248;24.010.006;24.000.000
18.3.2020;SPX;17.4.2020;0.001211910523422495;43200;0.082191780821917808;01zw3e;24.950.000;50.000;C;1.330.000;249;24.010.006;24.000.000
18.3.2020;SPX;17.4.2020;0.001211910523422495;43200;0.082191780821917808;01zw3Z;25.000.000;50.000;C;1.306.000;250;24.010.006;24.000.000
18.3.2020;SPX;17.4.2020;0.001211910523422495;43200;0.082191780821917808;01zw3a;25.050.000;50.000;C;1.274.000;245;24.010.006;24.000.000
18.3.2020;SPX;17.4.2020;0.001211910523422495;43200;0.082191780821917808;01zw8C;25.100.000;50.000;C;1.223.000;244;24.010.006;24.000.000
18.3.2020;SPX;17.4.2020;0.001211910523422495;43200;0.082191780821917808;01zw8A;25.150.000;50.000;C;1.223.000;242;24.010.006;24.000.000
18.3.2020;SPX;17.4.2020;0.001211910523422495;43200;0.082191780821917808;01zw88;25.200.000;50.000;C;1.200.000;241;24.010.006;24.000.000
18.3.2020;SPX;17.4.2020;0.001211910523422495;43200;0.082191780821917808;01zw85;25.250.000;50.000;C;1.177.000;243;24.010.006;24.000.000
18.3.2020;SPX;17.4.2020;0.001211910523422495;43200;0.082191780821917808;01zw7h;25.300.000;50.000;C;1.154.000;239;24.010.006;24.000.000
18.3.2020;SPX;17.4.2020;0.001211910523422495;43200;0.082191780821917808;01zw82;25.350.000;50.000;C;1.272.000;239;24.010.006;24.000.000
18.3.2020;SPX;17.4.2020;0.001211910523422495;43200;0.082191780821917808;01zw80;25.400.000;50.000;C;1.249.000;237;24.010.006;24.000.000
18.3.2020;SPX;17.4.2020;0.001211910523422495;43200;0.082191780821917808;01zw7y;25.450.000;50.000;C;1.226.000;237;24.010.006;24.000.000
18.3.2020;SPX;17.4.2020;0.001211910523422495;43200;0.082191780821917808;01zw7w;25.500.000;50.000;C;1.204.000;239;24.010.006;24.000.000
18.3.2020;SPX;17.4.2020;0.001211910523422495;43200;0.082191780821917808;01zw7u;25.550.000;50.000;C;1.181.000;235;24.010.006;24.000.000
18.3.2020;SPX;17.4.2020;0.001211910523422495;43200;0.082191780821917808;01zw7s;25.600.000;50.000;C;1.162.000;235;24.010.006;24.000.000
18.3.2020;SPX;17.4.2020;0.001211910523422495;43200;0.082191780821917808;01zw7i;25.650.000;50.000;C;1.136.000;233;24.010.006;24.000.000
18.3.2020;SPX;17.4.2020;0.001211910523422495;43200;0.082191780821917808;01zw7p;25.700.000;50.000;C;959.000;233;24.010.006;24.000.000
18.3.2020;SPX;17.4.2020;0.001211910523422495;43200;0.082191780821917808;01zw7n;25.750.000;50.000;C;894.000;234;24.010.006;24.000.000
18.3.2020;SPX;17.4.2020;0.001211910523422495;43200;0.082191780821917808;01zw7l;25.800.000;50.000;C;804.000;231;24.010.006;24.000.000
18.3.2020;SPX;17.4.2020;0.001211910523422495;43200;0.082191780821917808;01zw7j;25.850.000;50.000;C;1.000.000;230;24.010.006;24.000.000
18.3.2020;SPX;17.4.2020;0.001211910523422495;43200;0.082191780821917808;01zw96;25.900.000;50.000;C;1.001.000;230;24.010.006;24.000.000
18.3.2020;SPX;17.4.2020;0.001211910523422495;43200;0.082191780821917808;01zw9R;25.950.000;50.000;C;925.000;229;24.010.006;24.000.000
18.3.2020;SPX;17.4.2020;0.001211910523422495;43200;0.082191780821917808;01zw9P;26.000.000;50.000;C;802.000;231;24.010.006;24.000.000
18.3.2020;SPX;17.4.2020;0.001211910523422495;43200;0.082191780821917808;01zw9N;26.050.000;50.000;C;911.000;226;24.010.006;24.000.000
18.3.2020;SPX;17.4.2020;0.001211910523422495;43200;0.082191780821917808;01zw9L;26.100.000;50.000;C;890.000;226;24.010.006;24.000.000
18.3.2020;SPX;17.4.2020;0.001211910523422495;43200;0.082191780821917808;01zw93;26.150.000;50.000;C;869.000;225;24.010.006;24.000.000
18.3.2020;SPX;17.4.2020;0.001211910523422495;43200;0.082191780821917808;01zw9I;26.200.000;50.000;C;848.000;225;24.010.006;24.000.000
18.3.2020;SPX;17.4.2020;0.001211910523422495;43200;0.082191780821917808;01zw9G;26.250.000;50.000;C;828.000;226;24.010.006;24.000.000
18.3.2020;SPX;17.4.2020;0.001211910523422495;43200;0.082191780821917808;01zw9E;26.300.000;50.000;C;807.000;223;24.010.006;24.000.000
18.3.2020;SPX;17.4.2020;0.001211910523422495;43200;0.082191780821917808;01zw9C;26.350.000;50.000;C;787.000;222;24.010.006;24.000.000
18.3.2020;SPX;17.4.2020;0.001211910523422495;43200;0.082191780821917808;01zw9A;26.400.000;50.000;C;767.000;222;24.010.006;24.000.000
18.3.2020;SPX;17.4.2020;0.001211910523422495;43200;0.082191780821917808;01zw99;26.450.000;50.000;C;795.000;221;24.010.006;24.000.000
18.3.2020;SPX;17.4.2020;0.001211910523422495;43200;0.082191780821917808;01zw92;26.500.000;50.000;C;775.000;222;24.010.006;24.000.000
18.3.2020;SPX;17.4.2020;0.001211910523422495;43200;0.082191780821917808;01zw90;26.550.000;50.000;C;756.000;219;24.010.006;24.000.000
18.3.2020;SPX;17.4.2020;0.001211910523422495;43200;0.082191780821917808;01zw8y;26.600.000;50.000;C;738.000;218;24.010.006;24.000.000
18.3.2020;SPX;17.4.2020;0.001211910523422495;43200;0.082191780821917808;01zw8w;26.650.000;50.000;C;719.000;216;24.010.006;24.000.000
18.3.2020;SPX;17.4.2020;0.001211910523422495;43200;0.082191780821917808;01zw8u;26.700.000;50.000;C;701.000;216;24.010.006;24.000.000
18.3.2020;SPX;17.4.2020;0.001211910523422495;43200;0.082191780821917808;01zw8t;26.750.000;50.000;C;684.000;216;24.010.006;24.000.000
18.3.2020;SPX;17.4.2020;0.001211910523422495;43200;0.082191780821917808;01zw8r;26.800.000;50.000;C;667.000;215;24.010.006;24.000.000
18.3.2020;SPX;17.4.2020;0.001211910523422495;43200;0.082191780821917808;01zw8p;26.850.000;50.000;C;649.000;213;24.010.006;24.000.000
18.3.2020;SPX;17.4.2020;0.001211910523422495;43200;0.082191780821917808;01zw8n;26.900.000;50.000;C;632.000;213;24.010.006;24.000.000
18.3.2020;SPX;17.4.2020;0.001211910523422495;43200;0.082191780821917808;01zw8l;26.950.000;50.000;C;615.000;211;24.010.006;24.000.000
18.3.2020;SPX;17.4.2020;0.001211910523422495;43200;0.082191780821917808;01zw8f;27.000.000;50.000;C;599.000;214;24.010.006;24.000.000
18.3.2020;SPX;17.4.2020;0.001211910523422495;43200;0.082191780821917808;01zw8i;27.050.000;50.000;C;582.000;210;24.010.006;24.000.000
18.3.2020;SPX;17.4.2020;0.001211910523422495;43200;0.082191780821917808;01zw8g;27.100.000;50.000;C;565.000;209;24.010.006;24.000.000
18.3.2020;SPX;17.4.2020;0.001211910523422495;43200;0.082191780821917808;01zw8d;27.150.000;50.000;C;549.000;208;24.010.006;24.000.000
18.3.2020;SPX;17.4.2020;0.001211910523422495;43200;0.082191780821917808;01zw8b;27.200.000;50.000;C;533.000;208;24.010.006;24.000.000
18.3.2020;SPX;17.4.2020;0.001211910523422495;43200;0.082191780821917808;01zw8Z;27.250.000;50.000;C;517.000;209;24.010.006;24.000.000
18.3.2020;SPX;17.4.2020;0.001211910523422495;43200;0.082191780821917808;01zw8Y;27.300.000;50.000;C;502.000;207;24.010.006;24.000.000
18.3.2020;SPX;17.4.2020;0.001211910523422495;43200;0.082191780821917808;01zw8W;27.350.000;50.000;C;487.000;205;24.010.006;24.000.000
18.3.2020;SPX;17.4.2020;0.001211910523422495;43200;0.082191780821917808;01zw8U;27.400.000;50.000;C;472.000;205;24.010.006;24.000.000
18.3.2020;SPX;17.4.2020;0.001211910523422495;43200;0.082191780821917808;01zw8S;27.450.000;50.000;C;447.000;204;24.010.006;24.000.000
18.3.2020;SPX;17.4.2020;0.001211910523422495;43200;0.082191780821917808;01zw8Q;27.500.000;50.000;C;434.000;206;24.010.006;24.000.000
18.3.2020;SPX;17.4.2020;0.001211910523422495;43200;0.082191780821917808;01zw8G;27.550.000;50.000;C;420.000;203;24.010.006;24.000.000
18.3.2020;SPX;17.4.2020;0.001211910523422495;43200;0.082191780821917808;01zw8N;27.600.000;50.000;C;406.000;203;24.010.006;24.000.000
18.3.2020;SPX;17.4.2020;0.001211910523422495;43200;0.082191780821917808;01zw8L;27.650.000;50.000;C;393.000;201;24.010.006;24.000.000
18.3.2020;SPX;17.4.2020;0.001211910523422495;43200;0.082191780821917808;01zw8E;27.700.000;50.000;C;380.000;201;24.010.006;24.000.000
18.3.2020;SPX;17.4.2020;0.001211910523422495;43200;0.082191780821917808;01zw8H;27.750.000;50.000;C;368.000;202;24.010.006;24.000.000
18.3.2020;SPX;17.4.2020;0.001211910523422495;43200;0.082191780821917808;01zw8J;27.800.000;50.000;C;356.000;200;24.010.006;24.000.000
18.3.2020;SPX;17.4.2020;0.001211910523422495;43200;0.082191780821917808;01zw4X;27.850.000;50.000;C;344.000;199;24.010.006;24.000.000
18.3.2020;SPX;17.4.2020;0.001211910523422495;43200;0.082191780821917808;01zw4V;27.900.000;50.000;C;332.000;199;24.010.006;24.000.000
18.3.2020;SPX;17.4.2020;0.001211910523422495;43200;0.082191780821917808;01zw4T;27.950.000;50.000;C;291.000;197;24.010.006;24.000.000
18.3.2020;SPX;17.4.2020;0.001211910523422495;43200;0.082191780821917808;01zw5a;28.000.000;50.000;C;281.000;199;24.010.006;24.000.000
18.3.2020;SPX;17.4.2020;0.001211910523422495;43200;0.082191780821917808;01zw5Y;28.050.000;50.000;C;271.000;196;24.010.006;24.000.000
18.3.2020;SPX;17.4.2020;0.001211910523422495;43200;0.082191780821917808;01zw5W;28.100.000;50.000;C;261.000;196;24.010.006;24.000.000
18.3.2020;SPX;17.4.2020;0.001211910523422495;43200;0.082191780821917808;01zw5U;28.150.000;50.000;C;252.000;195;24.010.006;24.000.000
18.3.2020;SPX;17.4.2020;0.001211910523422495;43200;0.082191780821917808;01zw5h;28.200.000;50.000;C;243.000;195;24.010.006;24.000.000
18.3.2020;SPX;17.4.2020;0.001211910523422495;43200;0.082191780821917808;01zw5f;28.250.000;50.000;C;234.000;195;24.010.006;24.000.000
18.3.2020;SPX;17.4.2020;0.001211910523422495;43200;0.082191780821917808;01zw5d;28.300.000;50.000;C;225.000;193;24.010.006;24.000.000
18.3.2020;SPX;17.4.2020;0.001211910523422495;43200;0.082191780821917808;01zw5b;28.350.000;50.000;C;217.000;192;24.010.006;24.000.000
18.3.2020;SPX;17.4.2020;0.001211910523422495;43200;0.082191780821917808;01zw5R;28.400.000;50.000;C;208.000;192;24.010.006;24.000.000
18.3.2020;SPX;17.4.2020;0.001211910523422495;43200;0.082191780821917808;01zw5P;28.450.000;50.000;C;200.000;191;24.010.006;24.000.000
18.3.2020;SPX;17.4.2020;0.001211910523422495;43200;0.082191780821917808;01zw5N;28.500.000;50.000;C;192.000;193;24.010.006;24.000.000
18.3.2020;SPX;17.4.2020;0.001211910523422495;43200;0.082191780821917808;01zw5L;28.550.000;50.000;C;180.000;190;24.010.006;24.000.000
18.3.2020;SPX;17.4.2020;0.001211910523422495;43200;0.082191780821917808;01zw5J;28.600.000;50.000;C;173.000;189;24.010.006;24.000.000
18.3.2020;SPX;17.4.2020;0.001211910523422495;43200;0.082191780821917808;01zw5H;28.650.000;50.000;C;167.000;188;24.010.006;24.000.000
18.3.2020;SPX;17.4.2020;0.001211910523422495;43200;0.082191780821917808;01zw5F;28.700.000;50.000;C;197.000;188;24.010.006;24.000.000
18.3.2020;SPX;17.4.2020;0.001211910523422495;43200;0.082191780821917808;01zw5D;28.750.000;50.000;C;189.000;189;24.010.006;24.000.000
18.3.2020;SPX;17.4.2020;0.001211910523422495;43200;0.082191780821917808;01zw5B;28.800.000;50.000;C;182.000;187;24.010.006;24.000.000
18.3.2020;SPX;17.4.2020;0.001211910523422495;43200;0.082191780821917808;01zw59;28.850.000;50.000;C;176.000;185;24.010.006;24.000.000
18.3.2020;SPX;17.4.2020;0.001211910523422495;43200;0.082191780821917808;01zw57;28.900.000;50.000;C;169.000;185;24.010.006;24.000.000
18.3.2020;SPX;17.4.2020;0.001211910523422495;43200;0.082191780821917808;01zw55;28.950.000;50.000;C;162.000;183;24.010.006;24.000.000
18.3.2020;SPX;17.4.2020;0.001211910523422495;43200;0.082191780821917808;01zw53;29.000.000;50.000;C;156.000;185;24.010.006;24.000.000
18.3.2020;SPX;17.4.2020;0.001211910523422495;43200;0.082191780821917808;01zw51;29.050.000;50.000;C;150.000;182;24.010.006;24.000.000
18.3.2020;SPX;17.4.2020;0.001211910523422495;43200;0.082191780821917808;01zw4z;29.100.000;50.000;C;144.000;182;24.010.006;24.000.000
18.3.2020;SPX;17.4.2020;0.001211910523422495;43200;0.082191780821917808;01zw4x;29.150.000;50.000;C;139.000;182;24.010.006;24.000.000
18.3.2020;SPX;17.4.2020;0.001211910523422495;43200;0.082191780821917808;01zw4Z;29.200.000;50.000;C;132.000;182;24.010.006;24.000.000
18.3.2020;SPX;17.4.2020;0.001211910523422495;43200;0.082191780821917808;01zw4q;29.250.000;50.000;C;127.000;181;24.010.006;24.000.000
18.3.2020;SPX;17.4.2020;0.001211910523422495;43200;0.082191780821917808;01zw4t;29.300.000;50.000;C;121.000;178;24.010.006;24.000.000
18.3.2020;SPX;17.4.2020;0.001211910523422495;43200;0.082191780821917808;01zw4r;29.350.000;50.000;C;116.000;177;24.010.006;24.000.000
18.3.2020;SPX;17.4.2020;0.001211910523422495;43200;0.082191780821917808;01zw4o;29.400.000;50.000;C;112.000;177;24.010.006;24.000.000
18.3.2020;SPX;17.4.2020;0.001211910523422495;43200;0.082191780821917808;01zw4m;29.450.000;50.000;C;107.000;176;24.010.006;24.000.000
18.3.2020;SPX;17.4.2020;0.001211910523422495;43200;0.082191780821917808;01zw4k;29.500.000;50.000;C;103.000;178;24.010.006;24.000.000
18.3.2020;SPX;17.4.2020;0.001211910523422495;43200;0.082191780821917808;01zw4i;29.550.000;50.000;C;101.000;176;24.010.006;24.000.000
18.3.2020;SPX;17.4.2020;0.001211910523422495;43200;0.082191780821917808;01zw4g;29.600.000;50.000;C;95.000;176;24.010.006;24.000.000
18.3.2020;SPX;17.4.2020;0.001211910523422495;43200;0.082191780821917808;01zw4e;29.650.000;50.000;C;91.000;174;24.010.006;24.000.000
18.3.2020;SPX;17.4.2020;0.001211910523422495;43200;0.082191780821917808;01zw4c;29.700.000;50.000;C;87.000;174;24.010.006;24.000.000
18.3.2020;SPX;17.4.2020;0.001211910523422495;43200;0.082191780821917808;01zw4a;29.750.000;50.000;C;85.000;175;24.010.006;24.000.000
18.3.2020;SPX;17.4.2020;0.001211910523422495;43200;0.082191780821917808;01zw7X;29.800.000;50.000;C;80.000;173;24.010.006;24.000.000
18.3.2020;SPX;17.4.2020;0.001211910523422495;43200;0.082191780821917808;01zw7V;29.850.000;50.000;C;78.000;172;24.010.006;24.000.000
18.3.2020;SPX;17.4.2020;0.001211910523422495;43200;0.082191780821917808;01zw7T;29.900.000;50.000;C;73.000;172;24.010.006;24.000.000
18.3.2020;SPX;17.4.2020;0.001211910523422495;43200;0.082191780821917808;01zw7R;29.950.000;50.000;C;71.000;171;24.010.006;24.000.000
18.3.2020;SPX;17.4.2020;0.001211910523422495;43200;0.082191780821917808;01zw7P;30.000.000;50.000;C;69.000;173;24.010.006;24.000.000
18.3.2020;SPX;17.4.2020;0.001211910523422495;43200;0.082191780821917808;01zw7N;30.050.000;50.000;C;65.000;169;24.010.006;24.000.000
18.3.2020;SPX;17.4.2020;0.001211910523422495;43200;0.082191780821917808;01zw7L;30.100.000;50.000;C;62.000;169;24.010.006;24.000.000
18.3.2020;SPX;17.4.2020;0.001211910523422495;43200;0.082191780821917808;01zw7J;30.150.000;50.000;C;60.000;169;24.010.006;24.000.000
18.3.2020;SPX;17.4.2020;0.001211910523422495;43200;0.082191780821917808;01zw7H;30.200.000;50.000;C;58.000;168;24.010.006;24.000.000
18.3.2020;SPX;17.4.2020;0.001211910523422495;43200;0.082191780821917808;01zw7F;30.250.000;50.000;C;55.000;169;24.010.006;24.000.000
18.3.2020;SPX;17.4.2020;0.001211910523422495;43200;0.082191780821917808;01zw7C;30.300.000;50.000;C;53.000;167;24.010.006;24.000.000
18.3.2020;SPX;17.4.2020;0.001211910523422495;43200;0.082191780821917808;01zw77;30.350.000;50.000;C;51.000;166;24.010.006;24.000.000
18.3.2020;SPX;17.4.2020;0.001211910523422495;43200;0.082191780821917808;01zw7e;30.400.000;50.000;C;49.000;166;24.010.006;24.000.000
18.3.2020;SPX;17.4.2020;0.001211910523422495;43200;0.082191780821917808;01zw7c;30.450.000;50.000;C;48.000;164;24.010.006;24.000.000
18.3.2020;SPX;17.4.2020;0.001211910523422495;43200;0.082191780821917808;01zw7a;30.500.000;50.000;C;46.000;166;24.010.006;24.000.000
18.3.2020;SPX;17.4.2020;0.001211910523422495;43200;0.082191780821917808;01zw75;30.550.000;50.000;C;44.000;163;24.010.006;24.000.000
18.3.2020;SPX;17.4.2020;0.001211910523422495;43200;0.082191780821917808;01zw70;30.600.000;50.000;C;42.000;163;24.010.006;24.000.000
18.3.2020;SPX;17.4.2020;0.001211910523422495;43200;0.082191780821917808;01zw6v;30.650.000;50.000;C;40.000;163;24.010.006;24.000.000
18.3.2020;SPX;17.4.2020;0.001211910523422495;43200;0.082191780821917808;01zw6p;30.700.000;50.000;C;39.000;163;24.010.006;24.000.000
18.3.2020;SPX;17.4.2020;0.001211910523422495;43200;0.082191780821917808;01zw6k;30.750.000;50.000;C;38.000;164;24.010.006;24.000.000
18.3.2020;SPX;17.4.2020;0.001211910523422495;43200;0.082191780821917808;01zw6g;30.800.000;50.000;C;36.000;162;24.010.006;24.000.000
18.3.2020;SPX;17.4.2020;0.001211910523422495;43200;0.082191780821917808;01zw6c;30.850.000;50.000;C;35.000;160;24.010.006;24.000.000
18.3.2020;SPX;17.4.2020;0.001211910523422495;43200;0.082191780821917808;01zw6X;30.900.000;50.000;C;34.000;160;24.010.006;24.000.000
18.3.2020;SPX;17.4.2020;0.001211910523422495;43200;0.082191780821917808;01zw6T;30.950.000;50.000;C;33.000;159;24.010.006;24.000.000
18.3.2020;SPX;17.4.2020;0.001211910523422495;43200;0.082191780821917808;01zw6P;31.000.000;50.000;C;32.000;161;24.010.006;24.000.000
18.3.2020;SPX;17.4.2020;0.001211910523422495;43200;0.082191780821917808;01zw6M;31.050.000;50.000;C;30.000;158;24.010.006;24.000.000
18.3.2020;SPX;17.4.2020;0.001211910523422495;43200;0.082191780821917808;01zw6K;31.100.000;50.000;C;30.000;158;24.010.006;24.000.000
18.3.2020;SPX;17.4.2020;0.001211910523422495;43200;0.082191780821917808;01zw6I;31.150.000;50.000;C;29.000;158;24.010.006;24.000.000
18.3.2020;SPX;17.4.2020;0.001211910523422495;43200;0.082191780821917808;01zw6G;31.200.000;50.000;C;28.000;158;24.010.006;24.000.000
18.3.2020;SPX;17.4.2020;0.001211910523422495;43200;0.082191780821917808;01zw6E;31.250.000;50.000;C;27.000;159;24.010.006;24.000.000
18.3.2020;SPX;17.4.2020;0.001211910523422495;43200;0.082191780821917808;01zw6C;31.300.000;50.000;C;26.000;155;24.010.006;24.000.000
18.3.2020;SPX;17.4.2020;0.001211910523422495;43200;0.082191780821917808;01zw6A;31.350.000;50.000;C;25.500;155;24.010.006;24.000.000
18.3.2020;SPX;17.4.2020;0.001211910523422495;43200;0.082191780821917808;01zw68;31.400.000;50.000;C;24.500;155;24.010.006;24.000.000
18.3.2020;SPX;17.4.2020;0.001211910523422495;43200;0.082191780821917808;01zw67;31.450.000;50.000;C;24.000;155;24.010.006;24.000.000
18.3.2020;SPX;17.4.2020;0.001211910523422495;43200;0.082191780821917808;01zw65;31.500.000;50.000;C;23.000;158;24.010.006;24.000.000
18.3.2020;SPX;17.4.2020;0.001211910523422495;43200;0.082191780821917808;01zw63;31.550.000;50.000;C;22.500;154;24.010.006;24.000.000
18.3.2020;SPX;17.4.2020;0.001211910523422495;43200;0.082191780821917808;01zw61;31.600.000;50.000;C;21.500;154;24.010.006;24.000.000
18.3.2020;SPX;17.4.2020;0.001211910523422495;43200;0.082191780821917808;01zw5z;31.650.000;50.000;C;21.000;153;24.010.006;24.000.000
18.3.2020;SPX;17.4.2020;0.001211910523422495;43200;0.082191780821917808;01zw5x;31.700.000;50.000;C;20.000;153;24.010.006;24.000.000
18.3.2020;SPX;17.4.2020;0.001211910523422495;43200;0.082191780821917808;01zw5v;31.750.000;50.000;C;19.500;153;24.010.006;24.000.000
18.3.2020;SPX;17.4.2020;0.001211910523422495;43200;0.082191780821917808;01zw5t;31.800.000;50.000;C;19.000;151;24.010.006;24.000.000
18.3.2020;SPX;17.4.2020;0.001211910523422495;43200;0.082191780821917808;01zw5r;31.850.000;50.000;C;18.500;151;24.010.006;24.000.000
18.3.2020;SPX;17.4.2020;0.001211910523422495;43200;0.082191780821917808;01zw5p;31.900.000;50.000;C;17.500;151;24.010.006;24.000.000
18.3.2020;SPX;17.4.2020;0.001211910523422495;43200;0.082191780821917808;01zw5n;31.950.000;50.000;C;17.000;150;24.010.006;24.000.000
18.3.2020;SPX;17.4.2020;0.001211910523422495;43200;0.082191780821917808;01zw5m;32.000.000;50.000;C;17.000;152;24.010.006;24.000.000
18.3.2020;SPX;17.4.2020;0.001211910523422495;43200;0.082191780821917808;01zw5k;32.050.000;50.000;C;16.000;149;24.010.006;24.000.000
18.3.2020;SPX;17.4.2020;0.001211910523422495;43200;0.082191780821917808;01zw9y;32.100.000;50.000;C;15.500;149;24.010.006;24.000.000
18.3.2020;SPX;17.4.2020;0.001211910523422495;43200;0.082191780821917808;01zw9u;32.150.000;50.000;C;15.000;149;24.010.006;24.000.000
18.3.2020;SPX;17.4.2020;0.001211910523422495;43200;0.082191780821917808;01zw4J;32.200.000;50.000;C;14.500;148;24.010.006;24.000.000
18.3.2020;SPX;17.4.2020;0.001211910523422495;43200;0.082191780821917808;01zwBY;32.250.000;50.000;C;14.000;149;24.010.006;24.000.000
18.3.2020;SPX;17.4.2020;0.001211910523422495;43200;0.082191780821917808;01zwCz;32.300.000;50.000;C;13.500;147;24.010.006;24.000.000
18.3.2020;SPX;17.4.2020;0.001211910523422495;43200;0.082191780821917808;0231J8;32.350.000;50.000;C;13.000;146;24.010.006;24.000.000
18.3.2020;SPX;17.4.2020;0.001211910523422495;43200;0.082191780821917808;01zwCx;32.400.000;50.000;C;12.500;146;24.010.006;24.000.000
18.3.2020;SPX;17.4.2020;0.001211910523422495;43200;0.082191780821917808;0231J4;32.450.000;50.000;C;12.000;146;24.010.006;24.000.000
18.3.2020;SPX;17.4.2020;0.001211910523422495;43200;0.082191780821917808;01zwCv;32.500.000;50.000;C;12.000;148;24.010.006;24.000.000
18.3.2020;SPX;17.4.2020;0.001211910523422495;43200;0.082191780821917808;0231J6;32.550.000;50.000;C;11.000;145;24.010.006;24.000.000
18.3.2020;SPX;17.4.2020;0.001211910523422495;43200;0.082191780821917808;01zwCd;32.600.000;50.000;C;10.500;145;24.010.006;24.000.000
18.3.2020;SPX;17.4.2020;0.001211910523422495;43200;0.082191780821917808;0231J0;32.650.000;50.000;C;10.000;144;24.010.006;24.000.000
18.3.2020;SPX;17.4.2020;0.001211910523422495;43200;0.082191780821917808;01zwCb;32.700.000;50.000;C;10.000;143;24.010.006;24.000.000
18.3.2020;SPX;17.4.2020;0.001211910523422495;43200;0.082191780821917808;01zwBW;32.750.000;50.000;C;0.9500;145;24.010.006;24.000.000
18.3.2020;SPX;17.4.2020;0.001211910523422495;43200;0.082191780821917808;01zwCZ;32.800.000;50.000;C;0.9000;143;24.010.006;24.000.000
18.3.2020;SPX;17.4.2020;0.001211910523422495;43200;0.082191780821917808;0231Iy;32.850.000;50.000;C;0.8500;142;24.010.006;24.000.000
18.3.2020;SPX;17.4.2020;0.001211910523422495;43200;0.082191780821917808;01zwCX;32.900.000;50.000;C;0.8500;142;24.010.006;24.000.000
18.3.2020;SPX;17.4.2020;0.001211910523422495;43200;0.082191780821917808;0231J3;32.950.000;50.000;C;0.8000;142;24.010.006;24.000.000
18.3.2020;SPX;17.4.2020;0.001211910523422495;43200;0.082191780821917808;01zw4P;33.000.000;50.000;C;0.7500;144;24.010.006;24.000.000
18.3.2020;SPX;17.4.2020;0.001211910523422495;43200;0.082191780821917808;0231J1;33.050.000;50.000;C;0.7500;141;24.010.006;24.000.000
18.3.2020;SPX;17.4.2020;0.001211910523422495;43200;0.082191780821917808;0231Ht;33.100.000;50.000;C;0.7000;141;24.010.006;24.000.000
18.3.2020;SPX;17.4.2020;0.001211910523422495;43200;0.082191780821917808;0231It;33.150.000;50.000;C;0.7000;140;24.010.006;24.000.000
18.3.2020;SPX;17.4.2020;0.001211910523422495;43200;0.082191780821917808;0231Is;33.200.000;50.000;C;0.6500;139;24.010.006;24.000.000
18.3.2020;SPX;17.4.2020;0.001211910523422495;43200;0.082191780821917808;01zw4N;33.250.000;50.000;C;0.6000;141;24.010.006;24.000.000
18.3.2020;SPX;17.4.2020;0.001211910523422495;43200;0.082191780821917808;0231Ii;33.300.000;50.000;C;0.6000;139;24.010.006;24.000.000
18.3.2020;SPX;17.4.2020;0.001211910523422495;43200;0.082191780821917808;0231In;33.350.000;50.000;C;0.5500;138;24.010.006;24.000.000
18.3.2020;SPX;17.4.2020;0.001211910523422495;43200;0.082191780821917808;0231Il;33.400.000;50.000;C;0.5500;138;24.010.006;24.000.000
18.3.2020;SPX;17.4.2020;0.001211910523422495;43200;0.082191780821917808;0231Ij;33.450.000;50.000;C;0.5500;137;24.010.006;24.000.000
18.3.2020;SPX;17.4.2020;0.001211910523422495;43200;0.082191780821917808;01zw4L;33.500.000;50.000;C;0.5500;139;24.010.006;24.000.000
18.3.2020;SPX;17.4.2020;0.001211910523422495;43200;0.082191780821917808;0231Hu;33.550.000;50.000;C;0.5500;137;24.010.006;24.000.000
18.3.2020;SPX;17.4.2020;0.001211910523422495;43200;0.082191780821917808;0231Id;33.600.000;50.000;C;0.5500;137;24.010.006;24.000.000
18.3.2020;SPX;17.4.2020;0.001211910523422495;43200;0.082191780821917808;0231If;33.650.000;50.000;C;0.4500;136;24.010.006;24.000.000
18.3.2020;SPX;17.4.2020;0.001211910523422495;43200;0.082191780821917808;0231I6;33.700.000;50.000;C;0.4500;136;24.010.006;24.000.000
18.3.2020;SPX;17.4.2020;0.001211910523422495;43200;0.082191780821917808;020HUg;33.750.000;50.000;C;0.4000;137;24.010.006;24.000.000
18.3.2020;SPX;17.4.2020;0.001211910523422495;43200;0.082191780821917808;0231I4;33.800.000;50.000;C;0.4000;135;24.010.006;24.000.000
18.3.2020;SPX;17.4.2020;0.001211910523422495;43200;0.082191780821917808;0231I3;33.850.000;50.000;C;0.4000;134;24.010.006;24.000.000
18.3.2020;SPX;17.4.2020;0.001211910523422495;43200;0.082191780821917808;0231I1;33.900.000;50.000;C;0.3500;134;24.010.006;24.000.000
18.3.2020;SPX;17.4.2020;0.001211910523422495;43200;0.082191780821917808;0231Hz;33.950.000;50.000;C;0.3500;134;24.010.006;24.000.000
18.3.2020;SPX;17.4.2020;0.001211910523422495;43200;0.082191780821917808;01zwCu;34.000.000;50.000;C;0.3500;135;24.010.006;24.000.000
18.3.2020;SPX;17.4.2020;0.001211910523422495;43200;0.082191780821917808;0231Hx;34.050.000;50.000;C;0.3000;131;24.010.006;24.000.000
18.3.2020;SPX;17.4.2020;0.001211910523422495;43200;0.082191780821917808;0231Ia;34.100.000;50.000;C;0.3000;131;24.010.006;24.000.000
18.3.2020;SPX;17.4.2020;0.001211910523422495;43200;0.082191780821917808;0231IT;34.150.000;50.000;C;0.3000;130;24.010.006;24.000.000
18.3.2020;SPX;17.4.2020;0.001211910523422495;43200;0.082191780821917808;0231IW;34.200.000;50.000;C;0.2000;130;24.010.006;24.000.000
18.3.2020;SPX;17.4.2020;0.001211910523422495;43200;0.082191780821917808;020ZmJ;34.250.000;50.000;C;0.1500;131;24.010.006;24.000.000
18.3.2020;SPX;17.4.2020;0.001211910523422495;43200;0.082191780821917808;0231Ib;34.300.000;50.000;C;0.2000;129;24.010.006;24.000.000
18.3.2020;SPX;17.4.2020;0.001211910523422495;43200;0.082191780821917808;0231IX;34.350.000;50.000;C;0.1500;128;24.010.006;24.000.000
18.3.2020;SPX;17.4.2020;0.001211910523422495;43200;0.082191780821917808;0231IR;34.400.000;50.000;C;0.1500;128;24.010.006;24.000.000
18.3.2020;SPX;17.4.2020;0.001211910523422495;43200;0.082191780821917808;0231IN;34.450.000;50.000;C;0.1000;127;24.010.006;24.000.000
18.3.2020;SPX;17.4.2020;0.001211910523422495;43200;0.082191780821917808;0203Vh;34.500.000;50.000;C;0.1500;128;24.010.006;24.000.000
18.3.2020;SPX;17.4.2020;0.001211910523422495;43200;0.082191780821917808;0231IQ;34.550.000;50.000;C;0.1000;128;24.010.006;24.000.000
18.3.2020;SPX;17.4.2020;0.001211910523422495;43200;0.082191780821917808;0231IL;34.600.000;50.000;C;0.1500;127;24.010.006;24.000.000
18.3.2020;SPX;17.4.2020;0.001211910523422495;43200;0.082191780821917808;0231IJ;34.650.000;50.000;C;0.1000;127;24.010.006;24.000.000
18.3.2020;SPX;17.4.2020;0.001211910523422495;43200;0.082191780821917808;0231IH;34.700.000;50.000;C;0.0500;127;24.010.006;24.000.000
18.3.2020;SPX;17.4.2020;0.001211910523422495;43200;0.082191780821917808;021Flk;34.750.000;50.000;C;0.0500;52;24.010.006;24.000.000
18.3.2020;SPX;17.4.2020;0.001211910523422495;43200;0.082191780821917808;0231IF;34.800.000;50.000;C;0.0500;52;24.010.006;24.000.000
18.3.2020;SPX;17.4.2020;0.001211910523422495;43200;0.082191780821917808;023SNB;34.850.000;50.000;C;0.0500;50;24.010.006;24.000.000
18.3.2020;SPX;17.4.2020;0.001211910523422495;43200;0.082191780821917808;0231ID;34.900.000;50.000;C;0.0500;50;24.010.006;24.000.000
18.3.2020;SPX;17.4.2020;0.001211910523422495;43200;0.082191780821917808;023hNQ;34.950.000;50.000;C;0.0500;49;24.010.006;24.000.000
18.3.2020;SPX;17.4.2020;0.001211910523422495;43200;0.082191780821917808;01zwCn;35.000.000;50.000;C;0.1500;126;24.010.006;24.000.000
18.3.2020;SPX;17.4.2020;0.001211910523422495;43200;0.082191780821917808;023hNO;35.050.000;50.000;C;0.1500;125;24.010.006;24.000.000
18.3.2020;SPX;17.4.2020;0.001211910523422495;43200;0.082191780821917808;0231IB;35.100.000;50.000;C;0.1500;125;24.010.006;24.000.000
18.3.2020;SPX;17.4.2020;0.001211910523422495;43200;0.082191780821917808;023hNM;35.150.000;50.000;C;0.1000;125;24.010.006;24.000.000
18.3.2020;SPX;17.4.2020;0.001211910523422495;43200;0.082191780821917808;0231I9;35.200.000;50.000;C;0.1000;124;24.010.006;24.000.000
18.3.2020;SPX;17.4.2020;0.001211910523422495;43200;0.082191780821917808;021q5Y;35.250.000;50.000;C;0.1000;125;24.010.006;24.000.000
18.3.2020;SPX;17.4.2020;0.001211910523422495;43200;0.082191780821917808;0231Ic;35.300.000;50.000;C;0.1000;123;24.010.006;24.000.000
18.3.2020;SPX;17.4.2020;0.001211910523422495;43200;0.082191780821917808;024F6X;35.350.000;50.000;C;0.1000;123;24.010.006;24.000.000
18.3.2020;SPX;17.4.2020;0.001211910523422495;43200;0.082191780821917808;0231Hs;35.400.000;50.000;C;0.1000;123;24.010.006;24.000.000
18.3.2020;SPX;17.4.2020;0.001211910523422495;43200;0.082191780821917808;024F6V;35.450.000;50.000;C;0.0500;123;24.010.006;24.000.000
18.3.2020;SPX;17.4.2020;0.001211910523422495;43200;0.082191780821917808;021Flm;35.500.000;50.000;C;0.2500;123;24.010.006;24.000.000
18.3.2020;SPX;17.4.2020;0.001211910523422495;43200;0.082191780821917808;024F8B;35.550.000;50.000;C;0.0500;121;24.010.006;24.000.000
18.3.2020;SPX;17.4.2020;0.001211910523422495;43200;0.082191780821917808;023DsM;35.600.000;50.000;C;0.0500;121;24.010.006;24.000.000
18.3.2020;SPX;17.4.2020;0.001211910523422495;43200;0.082191780821917808;024F6J;35.650.000;50.000;C;0.0500;121;24.010.006;24.000.000
18.3.2020;SPX;17.4.2020;0.001211910523422495;43200;0.082191780821917808;023hNK;35.700.000;50.000;C;0.0500;120;24.010.006;24.000.000
18.3.2020;SPX;17.4.2020;0.001211910523422495;43200;0.082191780821917808;022TkL;35.750.000;50.000;C;0.0500;120;24.010.006;24.000.000
18.3.2020;SPX;17.4.2020;0.001211910523422495;43200;0.082191780821917808;023hO5;35.800.000;50.000;C;0.0500;119;24.010.006;24.000.000
18.3.2020;SPX;17.4.2020;0.001211910523422495;43200;0.082191780821917808;0258L1;35.850.000;50.000;C;0.0500;48;24.010.006;24.000.000
18.3.2020;SPX;17.4.2020;0.001211910523422495;43200;0.082191780821917808;023hO3;35.900.000;50.000;C;0.0500;48;24.010.006;24.000.000
18.3.2020;SPX;17.4.2020;0.001211910523422495;43200;0.082191780821917808;0258LX;35.950.000;50.000;C;0.0500;48;24.010.006;24.000.000
18.3.2020;SPX;17.4.2020;0.001211910523422495;43200;0.082191780821917808;01zwCo;36.000.000;50.000;C;0.0500;47;24.010.006;24.000.000
18.3.2020;SPX;17.4.2020;0.001211910523422495;43200;0.082191780821917808;025MFl;36.050.000;50.000;C;0.0500;47;24.010.006;24.000.000
18.3.2020;SPX;17.4.2020;0.001211910523422495;43200;0.082191780821917808;023nnE;36.100.000;50.000;C;0.0500;47;24.010.006;24.000.000
18.3.2020;SPX;17.4.2020;0.001211910523422495;43200;0.082191780821917808;025MFe;36.150.000;50.000;C;0.0500;47;24.010.006;24.000.000
18.3.2020;SPX;17.4.2020;0.001211910523422495;43200;0.082191780821917808;024F6c;36.200.000;50.000;C;0.0500;47;24.010.006;24.000.000
18.3.2020;SPX;17.4.2020;0.001211910523422495;43200;0.082191780821917808;023DsH;36.250.000;50.000;C;0.1500;88;24.010.006;24.000.000
18.3.2020;SPX;17.4.2020;0.001211910523422495;43200;0.082191780821917808;024F8j;36.300.000;50.000;C;0.0500;47;24.010.006;24.000.000
18.3.2020;SPX;17.4.2020;0.001211910523422495;43200;0.082191780821917808;025UZZ;36.350.000;50.000;C;0.0500;47;24.010.006;24.000.000
18.3.2020;SPX;17.4.2020;0.001211910523422495;43200;0.082191780821917808;024F8h;36.400.000;75.000;C;0.0500;71;24.010.006;24.000.000
18.3.2020;SPX;17.4.2020;0.001211910523422495;43200;0.082191780821917808;022Pnc;36.500.000;100.000;C;0.5000;87;24.010.006;24.000.000
18.3.2020;SPX;17.4.2020;0.001211910523422495;43200;0.082191780821917808;0258LS;36.600.000;100.000;C;0.5000;87;24.010.006;24.000.000
18.3.2020;SPX;17.4.2020;0.001211910523422495;43200;0.082191780821917808;0258LU;36.700.000;75.000;C;0.1000;85;24.010.006;24.000.000
18.3.2020;SPX;17.4.2020;0.001211910523422495;43200;0.082191780821917808;023nnH;36.750.000;50.000;C;0.1500;85;24.010.006;24.000.000
18.3.2020;SPX;17.4.2020;0.001211910523422495;43200;0.082191780821917808;0258Lf;36.800.000;75.000;C;0.1000;84;24.010.006;24.000.000
18.3.2020;SPX;17.4.2020;0.001211910523422495;43200;0.082191780821917808;025MFk;36.900.000;100.000;C;0.4500;83;24.010.006;24.000.000
18.3.2020;SPX;17.4.2020;0.001211910523422495;43200;0.082191780821917808;01zwCg;37.000.000;100.000;C;0.1000;84;24.010.006;24.000.000
18.3.2020;SPX;17.4.2020;0.001211910523422495;43200;0.082191780821917808;025MFX;37.100.000;100.000;C;0.1500;83;24.010.006;24.000.000
18.3.2020;SPX;17.4.2020;0.001211910523422495;43200;0.082191780821917808;025UYe;37.200.000;75.000;C;0.1000;82;24.010.006;24.000.000
18.3.2020;SPX;17.4.2020;0.001211910523422495;43200;0.082191780821917808;0258Lo;37.250.000;150.000;C;0.1500;80;24.010.006;24.000.000
18.3.2020;SPX;17.4.2020;0.001211910523422495;43200;0.082191780821917808;023hO1;37.500.000;250.000;C;0.3000;80;24.010.006;24.000.000
18.3.2020;SPX;17.4.2020;0.001211910523422495;43200;0.082191780821917808;025MFQ;37.750.000;250.000;C;0.3000;80;24.010.006;24.000.000
